url,url_length,num_dots,has_https,has_ip,suspicious_words,label
https://57365kk.cc/,19,1,1,0,0,1
https://www.0088.top/,21,2,1,0,0,1
https://6h815.com/,18,1,1,0,0,1
http://6h919.com/,17,1,0,0,0,1
https://a608.cc/,16,1,1,0,0,1
http://3684063365.com/,22,1,0,0,0,1
https://5115vvv5115.com/,24,1,1,0,0,1
https://760.vip/,16,1,1,0,0,1
https://8vip66.cc/,18,1,1,0,0,1
https://orbiter-financlaim.run/,31,1,1,0,0,1
https://551007q.cc/,19,1,1,0,0,1
https://3656240617.cc/,22,1,1,0,0,1
https://burfasaret.com/offers/mc_land_whatsapp_ru_eu_day_547_white_push,71,1,1,0,0,1
https://case-id-1000228256541.colinmoffat.co.uk/,48,3,1,0,0,1
https://termshubmarketminds.vercel.app/get_help,47,2,1,0,0,1
https://credible-claim.sbs/,27,1,1,0,0,1
https://app-feirao-online.xyz/feirao/,37,1,1,0,0,1
https://www.chat-noticias-smp.site/f2/f2.html?gclid=Cj0KCQjwqcO_BhDaAR,70,3,1,0,0,1
https://feiraolimpanome.vip/,28,1,1,0,0,1
https://acordoacertado2025.com/presell/,39,1,1,0,0,1
https://www.pendencias-ativos.fun/,34,2,1,0,0,1
https://home-ledgerlive-desktop-sso-cdn.webflow.io/,51,2,1,0,0,1
https://opdoploipty.weebly.com/,31,2,1,0,0,1
https://accountreviewbigimpact.vercel.app/ttu&g_ep=EgoyMDI1MDMyMy4wIKXMDSoA,75,2,1,0,0,1
https://accountreviewbigimpact.vercel.app/ttu&g_ep=EgoyMDI1MDMyMy4wIKXMDSoA.html,80,3,1,0,0,1
http://email.premieragent.com/c/eJw00L2O2zAMB_CnoTcZFiXrY_CQNtC1Q4EL-gSyQufcSHIgyYd06bMXl9wtBMEfOfB_ngLOfBg7mriWQpoRherepsXzWcyoPfpBDIMWQglOo_GaB-Lad-sURoGGa8mUJWJSG8vmJQg2DsqgNIZbIpDDrVBaqfgL5daHLXVxemvtVkEcAB2gC3EN1_5WWyrXfm2ATlRAV_mg-0rlnUr2ifotxzUT4Ijun49bvqhH_1q2QLXSx0k-_S6A7sfLizmcAN2jWI1GBWGYHWVgEhfNjMGFaTNYzQUqbi2g44DuuBzdn-1eXk9d-svCXtuW2Nk3P4H-BoiPH9YzIII4cIHaKAH4_UsuZdtvX5z3GJ8WSvpFtfoL_fw0yRUXFkf1XEh-jfN2fxog1j1S8jn66PP6MdXHrkxxD484is_heucgh0aRMrV-pu59wv8BAAD__3hwhic,483,2,0,0,0,1
http://email.premieragent.com/c/eJw0z89u3CAQBvCnwTcsGFj-HHxIuyLtoVJWfQI8HjtuMF4BXiWXPnuV3eYyGs1vvsM3DQijFKeOBmm10u6krOheB4OzMXKOWhv0wnk_onc0TzEaJZ0fu3UQk5MoFXFUBriWgDw6lFxErQzNyjphmBbXQttKJS6UW4_71qXhtbVrZeqJQWAQMK341l9r28pbvzYGQVUGoUph-0rlRiXHjfo9pzUTgxOEvzHteTH3_aXsSLXSZyRffhcG4cfzs3u6MAj34S04g8pxf9LINcyWOwczt054KxUY6T2DIBmE83wOf_b38nLptg-OR237xqfY4sDsNwZw77BODICpJ6nAOqMYfP-SpezH9YvzkdLDsGy_qNa40M__pqWRynsjHg9bXNO4vz-MAdQj0RZziinm9fNqz10ZluOjv62IkWnRKFGm1o_U3Qb4FwAA__-LoYSO,480,2,0,0,0,1
http://email.premieragent.com/c/eJw0z8GO2yAQBuCnGd-wYMCADz6kjdj2UGmjPgHgceIuxhGQ1fbSZ6822VxGo_nmP_zzFDEIPnQ0CaOksoOSortMHqUZ4zJjWAY5CL3gaPhMpOeFSy1kt05hoUFHMbMo7cBUkMRGbhTzIXJhglBaBFD8Wmhbqfgz5dbHfevSdGntWkEeAB2gi2mNb_21tq289WsDdLICuiq46SuVdyrZb9TvOa2ZAAd0_3za81nf99eyR6qVPiP59LsAuh8vL_ZwAnT3MRq0OkrLxkFFpnAxzFpcmLF8NEKiFuMI6ASgOy5H92f_KK-nbvvL4q22fWOzb34C8w0Q7x3WGRBBHoREY7UE_P6Uc9lv1yfnW0oPi2X7RbX6M_38MiW0UNwK-3jY_JrC_vEwQKy3RJvPySef18-rOXZlipey1kapn_cQKHkqBIo3SpSp9YG69wn_BwAA__9Lj4jb,488,2,0,0,0,1
http://email.premieragent.com/c/eJw0z71u2zAQwPGnOW0UxCNFUoMGtwbTDgVi9Ako6uQo4YdB0ka69NmDOPFyONwP_-HW2ePCh7GjmWsppBmlkN3L7D1XJPXizIZKKhydR9RKaL9sC5e-22fahEEizcS0bkwqPzGzrQNTwzINkguuxQZyuBSKOxV3ptR6n2MX5pfWLhXEAdACWh92_9Zfaovlrd8boBUV0FY-6L5SuVFJLlKfU9gTAY5o_7uQ01nd9-eSPdVKn0k6_S2A9tfTkzmcAO19TBqN8sKwaZSeSdw0MwY3ps0waS5Q8WkCtBzQHrejfc3v5fnUxX_MX2vLka2uuRn0D0C8_7CvgAjiwAVqowTgz4ecS75eHpyuIXyZL_EP1erO9PvbJFdcDmb8jqPbw5LfvwwQ6zVQdCm44NL-edXHrsyvmcre31zqVyo9hdpADo0CJWr9Qt1txo8AAAD__5lCiAw,487,2,0,0,0,1
http://email.premieragent.com/c/eJw0z8Fu3CAQBuCnGd-wzIANHHzYdkXaQ6Ws-gSAh40bwCuwo_TSZ6-ym1xGo_nmP_zLHNDzYexo5koKqUeUunuZUQ1BRR258EZE7sxEUXoTFkc8TmHs1tkZ77kzginpOZPLwpnnk2RBBxMVocEYQQ63Snml6q5U9j5suUvzy77fGogToAW0Ia3htb-1PdfXft0BrWiAtvFB9Y3qG9XiMvVbSWshwBHtP5e2cp3u-3PdArVGH5Fy-V0B7Y-nJ326ANr7MAr1FIRmZpSBSYyKaY2RKT0YxQVO3BhAywHtOZ7tn-29Pl-6_JeFo-1bZovb3QzqGyDeO6wLIII4cYFKTwLw-5dc63bcvrgcKT0s1PyLWnNX-vlpkk9cGDnIx0N2a_Lb-8MAsR2JsivJJVfWj6s6d3WmnF05KPUL-ZVADjslKrT3nrq3Gf8HAAD__-45h6U,483,2,0,0,0,1
http://email.premieragent.com/c/eJw0z8GO2yAQBuCnGd-wYMCADz6kjdj2UGmjPgHG4ywN4AicaHvps1eb7F5Go_nmP_zLFHAWfOhoEkZJZYfBDN3bxDFYo4NeUKiFjyhWHmY9arugGQaPXZyMx5kEN2xEqZkymjM7e8XkSpz7RZBZEBS_VsqRqj9T2fuw5S5Nb_t-bSAPgA7QhRTDpb-2PddLH3dAJxuga4KbvlG9Uy0-U7-VFAsBDuj--bSVs37sr3UL1Bp9RMrpdwV0P15e7OEE6B5jNGh1kJaNgwpM4WqYtbgyY_lohEQtxhHQCUB3XI_uz_ZeX09d_svCre1bZovf_QTmGyA-OsQFEEEehERjtQT8_iXnut2uX1xuKT0t1PyLWvNn-vlpSmihEIfx-ZB9TPP2_jRAbLdE2Zfkky_x42qOXZ3u8R59ob767OlCtYHiOyUqtPczdfcJ_wcAAP__tmmHOw,486,2,0,0,0,1
http://email.premieragent.com/c/eJw00MGO2yAQBuCnGd-wYCAGDj6kjdj2UGmjPgHG48RdwBHg1fbSZ6-S7F5Go_nmP8zMY8BJ8ENHo9BKKnNAIbrrKGdjPccDV0iDCmbWxttZkw7GhkC6W0fyIcxWEVsE90wZMTHvObJFiGkwJtzzoPitUFqp-Avl1octdXG8tnarII-ADtCFuIa3_lZbKm_92gCdrICuCq77SuWdSvaJ-i3HNRPgAd0_H7d8GR79a9kC1Ur3SD7_LoDux8uLOZ4B3aNYjWYI0jB7UIEpXDQzBhemDbdaSByEtYBOALrTcnJ_to_yeu7SXxb22rbEZt_8CPobID5uWGdABHkUErUZJOD3L7mUbb99cd5jfFoo6RfV6i_089OUGIQ0FsVzIfk1TtvH0wCx7pGSz9FHn9f7VJ-6Mt7f0M_XPdYGijeKlKn1E3XvI_4PAAD__55qhh8,479,2,0,0,0,1
http://email.premieragent.com/c/eJw0z8GO2yAQBuCnGd-wYMAGDj6kjdj2UGmjPgHgSdYNxhHgdHvps1ebdC-j0XzzH_55ihgEHzqahFZSmQEl796mWSqrg42aaxMGbkOMXMyjoDEM2nPfLdMcNOeoLOOjCUwFI5jRg2E8SiXVGb0eLCh-K7QuVPyFcuvjtnZpemvtVkEeAB2gi2mJ1_5W21qu_dIAnayArgqu-0rlTiX7lfotpyUT4IDur09bvoyP_bVskWqlj0g-_SyA7tvLizmcAN1jWI1mjNIwO6jIFJ41MwbPTBtutZA4CmsBnQB0x_PR_drey-upW_-wuNe2rWz2zU-gvwDio8MyAyLIg5CozSgBv37KpWz77ZPzntLTYll_UK3-Qt__mxKjkFZo83xY_ZLC9v40QKx7otXn5JPPy8dVH7sy3X2eKYey__aUqS_LFRRvlChT6wN19wn_BQAA__8Yl4eE,488,2,0,0,0,1
http://email.premieragent.com/c/eJw00MGO2yAQBuCnGd-wzAAGH3xIG7HtodJGfQKMx1m6gCMg0fbSZ6-S7F5Go_lmDvOvs8eFD6qjmWsppFE4Dt3b7PmmBnKIYli1MCMX0yiVXJSeNNfcdGFWmzBISrFB0cokLZ4ZNI5ti3PjKgyXkwE5XAqlQMWdKbfe76mL81trlwriAGgBrY_Bv_eX2lJ570MDtKIC2soH3VcqNyrZJer3HEMmQIX2n4t7Po-P_rXsnmql-0k-_S6A9sfLizmcAO2jTBrN6IVhk5KeSdw0MwY3ps0waS5w5NMEaDmgPW5H-2f_KK-nLv1l_lrbntjqmptBfwPExw9hBUQQBy5Qm1EAfv-Sc9mvly_O1xif5kv6RbW6M_38NMnveSptngvJhbjsH08DxHqNlFyOLroc7lN97Mocztl56m8uU6zR5ZUKyKFRpEytX6i7zfg_AAD__5iuh-Q,487,2,0,0,0,1
http://email.premieragent.com/c/eJw0z8Fu4yAQgOGnGd-wzAAGH3zIbkR3Dys12icAPKTeYhwBidrLPnvVtLmMRvPpP8wyB_R8UB3NXEshjcJh7F7mOBgexygUBRH1GOTAoxGTEMZw4yferXOUYVHOKzZ5WpicUDEfx4Upp7xYnDEUJcjhUmhbqbgz5daHfevS_NLapYI4AFpAG9IaXvtLbVt57dcGaEUFtJUPuq9UblSy26jfc1ozASq0_13a83m8789lD1QrfSb59LcA2l9PT-ZwArT3MWk0YxCGTUoGJjFqZgxGps0waS5w5NMEaDmgPcaj_be_ledTt72zcK1t39jimptB_wDE-w_rAoggDlygNqMA_PmQc9mvlwfna0pfFsr2h2p1Z_r9bZKPXBijvuPNrcnvb18GiPWaaHM5ueTy-nnVx67MC3n_fltuIIdGiTK13lN3m_EjAAD__-NxhP8,479,2,0,0,0,1
http://email.premieragent.com/c/eJw0z89uGyEQBvCnmb2xgoHlz2EPbi3SHirF6hOw7NjZBlgLcJRe-uxV7OQyGs1vvsO3zhEXwaeBZmGUVHZCqYaXmVuyFiVHpSe9kFqtokjarjrGyJ0btlka4kGahSkKyJS2xBaOgjmDZBdcA1cKFL9WyhvVcKHSx7jnIc0vvV8byAOgB_QxbfF1vLae6-u4dUAvG6BvgpuxUX2jWkKmcS9pKwQ4of8X0l4u-r4_1z1Sa_QRKaffFdD_eHqyhxOgvw9n0OooLXOTikzh2TBr8cyM5c4IiVo4B-gFoD-ej_7P_l6fT0P-y-Kt9T2zNfQwg_kGiPcO2wqIIA9CorFaAn7_kkvdb9cvLreUHhZr_kWthQv9_DQltJAO0T0ectjSsr8_DBDbLVEOJYUUyvZxNcehzmnrPdG4gOKdEhXq40LD24z_AwAA__-j9oPu,476,2,0,0,0,1
https://blockactionadcrafts.vercel.app/get_help,47,2,1,0,0,1
http://dpd.com-ne.xyz/de/index.html,35,3,0,0,0,1
https://copyrightclaimactionbuzzlogic.vercel.app/get_help,57,2,1,0,0,1
http://grn-tsmonss.sbs/,23,1,0,0,0,1
https://05t-78tyughbesdf6t87y98uiesfdyghj.vercel.app/id/1000812953458999.html/,78,3,1,0,0,1
https://verfied-facebook.blogspot.com/?m=1/,43,2,1,0,0,1
http://geminiy-logini.webflow.io/,33,2,0,0,1,1
http://occasion-agripro-pro-56455345.com/,41,1,0,0,0,1
https://commonwealthgame2010.com/,33,1,1,0,0,1
http://hikedomatthtml.weebly.com/,33,2,0,0,0,1
https://rotepog.pages.dev/,26,2,1,0,0,1
https://securepage.cloud/8feff6336xffda4d35n9921356ej4d8f50c3.html,66,2,1,0,1,1
https://btzzzzzz.weebly.com/,28,2,1,0,0,1
https://goldminingexpresstracking.live/shop/money-orders.html,61,2,1,0,0,1
https://goldminingexpresstracking.live/manage/po-boxes.html,59,2,1,0,0,1
https://goldminingexpresstracking.live/business/promotions-incentives.html,74,2,1,0,0,1
https://goldminingexpresstracking.live/globals/site-index.html,62,2,1,0,0,1
https://goldminingexpresstracking.live/taxes/index.html,55,2,1,0,0,1
https://goldminingexpresstracking.live/help/claims.html,55,2,1,0,0,1
https://goldminingexpresstracking.live/help/international-claims.html,69,2,1,0,0,1
https://violationcomplaintinfluenceinsight.vercel.app/get_help,62,2,1,0,0,1
https://kdjdjdkiikdhdhh.weebly.com/,35,2,1,0,0,1
https://sauravkr3214.github.io/Amazon-Clone-Frontend,52,2,1,0,0,1
https://portal-app-ndax-io--cdn-e-cdn.webflow.io/,49,2,1,0,0,1
https://auth-app-crypt--o-web-cd-cdn.webflow.io/,48,2,1,0,0,1
http://bomnegocio.ch/,21,1,0,0,0,1
https://microbiosanalytique.com/l1cz/frlp956y1n0xj3sngolt1htbs1mczw-1ym051mxbz4cqlvgezd9j1iumxnbx4dvz-ldbcixznxbnxnbsmdxzxmxzzx1mnmszcl3vnuabxudbf/,147,1,1,0,0,1
http://email.premieragent.com/c/eJw0z8GO2ywQB_CnGd-wYMAGDj7k-yK2PVTaqE-AYZKlwTgCstpe-uzVJt3LaDS_-R_-cQm4Cj4NtAitpDLTpOzwtng7iwlnmnyIa-SBvEUhbdCWznPQdkiLIm7iKjgzImimojXMzBiY4VpGH23wkwLFb5W2RNVfqPQx7NuQl7febw3kAdABupBTuI631rd6HVMHdLIBuia4HhvVd6rFbzTuJadCgBO6Pz7v5TI_9te6B2qNPiPl9LMCum8vL-ZwAnSPYTWaOUjD7KQCU3jWzBg8M2241ULiLKwFdALQHc9H92v_qK-nYfvNwr31fWPRd7-A_g8QHx1SBESQByFRm1kC_v8ll7rfb19c7jk_LdTtB7XmL_T9nykxCyWM5c-Hzae87h9PA8R2z7T5kn32JX1e9XGoS0z1OkaKNREo3ilToT6uNLwv-DcAAP__Qo-FuQ,482,2,0,0,0,1
http://email.premieragent.com/c/eJw0z8-O2yAQBvCnwTcsM_w_-JA2YttDpY36BATGWXcBR4Cj3UufvdqkuYxG85vv8MU5wJlNcsCZacGFkVLx4W0OEgCMxrjEaEEKtXjv4-QBUIao1LDOSgohgzxTZixSEYKlFjSn2jPGWPSLxkjEdK2YV6z-gqWPYctDmt96vzbCDwQcARfSGt7Ha-u5vo9rJ-B4I-Aam_TYsN6wFp9x3EpaCxKQ4P76tJWLuu-vdQvYGn5Fyul3JeB-vLyYw4mAuw-rwajADbVSBCpg0dQYWKg2k9WMg2LWEnCMgDsuR_dn-6ivpyF_0rC3vmUaffcz0d8IwL3DGgkA4QfGQRvFCXx_yqVu-_XJZU_pYaHmX9iav-DP_yaYYgImKx4P2a_pvH08jAC0PWH2Jfnky_p11cehzjesve6fWIiYOiYs2MczDrcZ_gUAAP__YwWFgA,478,2,0,0,0,1
https://fartfromtheheart.com/drive/,35,1,1,0,0,1
http://protect-account-manage.com/,34,1,0,0,0,1
https://public-web3-exodus.github.io/en-us/,43,2,1,0,0,1
https://public-us-exodus-cdn.github.io/en-us/,45,2,1,0,0,1
https://warningnoticeadshub.vercel.app/ttu&g_ep=EgoyMDI1MDMyMy4wIKXMDSoA,72,2,1,0,0,1
https://privacyseoguru.vercel.app/ttu&g_ep=EgoyMDI1MDMyMy4wIKXMDSoA,67,2,1,0,0,1
https://termshubmarketminds.vercel.app/ttu&g_ep=EgoyMDI1MDMyMy4wIKXMDSoA,72,2,1,0,0,1
https://privacyseoguru.vercel.app/ttu&g_ep=EgoyMDI1MDMyMy4wIKXMDSoA.html,72,3,1,0,0,1
https://warningnoticetrendfusion.vercel.app/ttu&g_ep=EgoyMDI1MDMyMy4wIKXMDSoA,77,2,1,0,0,1
https://accountupdate.info/?f=1&rid=3477203&key=m8y1y3/?rid=3477203&key=m8y1y3,78,1,1,0,1,1
https://www.cecyl.cn/,21,2,1,0,0,1
https://communityblockconversionx.vercel.app/ttu&g_ep=EgoyMDI1MDMyMy4wIKXMDSoA,78,2,1,0,0,1
https://communityblockconversionx.vercel.app/ttu&g_ep=EgoyMDI1MDMyMy4wIKXMDSoA.html,83,3,1,0,0,1
https://warningnoticetrendfusion.vercel.app/ttu&g_ep=EgoyMDI1MDMyMy4wIKXMDSoA.html,82,3,1,0,0,1
https://termstrackerbrandbuilder.vercel.app/ttu&g_ep=EgoyMDI1MDMyMy4wIKXMDSoA,77,2,1,0,0,1
https://5gbvn55iy19.netlify.app/,32,2,1,0,0,1
https://undyan-2025.biz.id/fztvl,32,2,1,0,0,1
http://www.hnhjgfj.cn/,22,2,0,0,0,1
https://www.app-id-notify-account.50-6-207-98.cprapid.com/myaccount/resolution,78,4,1,0,0,1
https://steamcornrnunlty.com/tradeoffers/new/partners=2253201000Ares&token=TLgzJ132,83,1,1,0,0,1
http://www.app-id-notify-account.50-6-207-98.cprapid.com/,57,4,0,0,0,1
https://privacytrackerleadsengine.vercel.app/get_help,53,2,1,0,0,1
https://securepage.cloud/8f8829a0bxc62349bbnb8c67aadj767a7740.html,66,2,1,0,1,1
https://amzinpeak-htanefauaffbdvec.eastus2-01.azurewebsites.net/,64,3,1,0,0,1
https://complaintactionmarketminds.vercel.app/ttu&g_ep=EgoyMDI1MDMyMy4wIKXMDSoA,79,2,1,0,0,1
https://complaintactionmarketminds.vercel.app/ttu&g_ep=EgoyMDI1MDMyMy4wIKXMDSoA.html,84,3,1,0,0,1
https://copyrightclaimactionbuzzlogic.vercel.app/ttu&g_ep=EgoyMDI1MDMyMy4wIKXMDSoA.html,87,3,1,0,0,1
https://copyrightclaimactionbuzzlogic.vercel.app/ttu&g_ep=EgoyMDI1MDMyMy4wIKXMDSoA,82,2,1,0,0,1
http://bafybeicklmz5rxyqforygs7ay34a6cvk4es75cxhmwww4ous6uj6mvs2de.ipfs.dweb.link/ppdfx.html,92,4,0,0,0,1
https://codedp8-red.vercel.app/intest.html,42,3,1,0,0,1
https://sso--robenhood-com-auths.webflow.io/,44,2,1,0,0,1
https://privacytrackerleadsengine.vercel.app/ttu&g_ep=EgoyMDI1MDMyMy4wIKXMDSoA,78,2,1,0,0,1
https://ceinbespurelgin.godaddysites.com/,41,2,1,0,0,1
https://privacytrackerleadsengine.vercel.app/ttu&g_ep=EgoyMDI1MDMyMy4wIKXMDSoA.html,83,3,1,0,0,1
https://papayayoutiaom.netlify.app/,35,2,1,0,0,1
https://is.gd/fEoOzE,20,1,1,0,0,1
https://secureyourrightssocialfusion-nu.vercel.app/ttu&g_ep=EgoyMDI1MDMyMy4wIKXMDSoA,84,2,1,0,1,1
https://secureyourrightssocialfusion-nu.vercel.app/ttu&g_ep=EgoyMDI1MDMyMy4wIKXMDSoA.html,89,3,1,0,1,1
https://reviewviolationdigitalleads.vercel.app/ttu&g_ep=EgoyMDI1MDMyMy4wIKXMDSoA,80,2,1,0,0,1
https://reviewviolationdigitalleads.vercel.app/ttu&g_ep=EgoyMDI1MDMyMy4wIKXMDSoA.html,85,3,1,0,0,1
https://protectaccountmarketshapers.vercel.app/ttu&g_ep=EgoyMDI1MDMyMy4wIKXMDSoA,80,2,1,0,0,1
https://infringertrackeradcrafts.vercel.app/ttu&g_ep=EgoyMDI1MDMyMy4wIKXMDSoA,77,2,1,0,0,1
https://rightssocialmovers.vercel.app/ttu&g_ep=EgoyMDI1MDMyMy4wIKXMDSoA,71,2,1,0,0,1
http://hh06-7yughjerdf7t89y8u9dgfyiuhjkrdg.vercel.app/id/10008125345228999.html,79,3,0,0,0,1
https://blockactionadcrafts.vercel.app/ttu&g_ep=EgoyMDI1MDMyMy4wIKXMDSoA,72,2,1,0,0,1
https://rightssocialmovers.vercel.app/ttu&g_ep=EgoyMDI1MDMyMy4wIKXMDSoA.html,76,3,1,0,0,1
https://geminiiloginn.godaddysites.com/,39,2,1,0,1,1
http://merryment00998.wixsite.com/my-site-1,43,2,0,0,0,1
https://ledger-b0i.pages.dev/,29,2,1,0,0,1
https://securityflagadmomentum.vercel.app/get_help/,51,2,1,0,0,1
https://intentionality.shop/fgcSFI/gaz,38,1,1,0,0,1
http://superinvolution.xyz/pms/go?rgcid=&rx_p=&rgsubid=d-wbosver-arg,68,1,0,0,0,1
https://safeguardpolicybrandbuilders-bice.vercel.app/ttu&g_ep=EgoyMDI1MDMyMy4wIKXMDSoA,86,2,1,0,0,1
https://copyrightenforcementinfluencerpros-sepia.vercel.app/ttu&g_ep=EgoyMDI1MDMyMy4wIKXMDSoA,93,2,1,0,0,1
https://enforcepageengageedge.vercel.app/ttu&g_ep=EgoyMDI1MDMyMy4wIKXMDSoA,74,2,1,0,0,1
https://enforcepageengageedge.vercel.app/ttu&g_ep=EgoyMDI1MDMyMy4wIKXMDSoA.html,79,3,1,0,0,1
https://violationcomplaintinfluenceinsight.vercel.app/ttu&g_ep=EgoyMDI1MDMyMy4wIKXMDSoA,87,2,1,0,0,1
https://violationcomplaintinfluenceinsight.vercel.app/ttu&g_ep=EgoyMDI1MDMyMy4wIKXMDSoA.html,92,3,1,0,0,1
https://securepostmarketpros.vercel.app/3ae&25&93cf6=5a&1eGK9d0xe13da4b=D400e,77,2,1,0,1,1
https://userprotectiontoolsocialforce.vercel.app/ttu&g_ep=EgoyMDI1MDMyMy4wIKXMDSoA,82,2,1,0,0,1
https://securepostmarketpros.vercel.app/3ae&25&93cf6=5a&1eGK9d0xe13da4b=D400e.html,82,3,1,0,1,1
https://securepage.cloud/83748ceafxdbb94566na073bb4cjdba018d9.html,66,2,1,0,1,1
https://ntybj.com/,18,1,1,0,0,1
https://securityflagadmomentum.vercel.app/ttu&g_ep=EgoyMDI1MDMyMy4wIKXMDSoA,75,2,1,0,0,1
https://securityflagadmomentum.vercel.app/ttu&g_ep=EgoyMDI1MDMyMy4wIKXMDSoA.html,80,3,1,0,0,1
https://www.goldminingexpresstracking.live/ship/packages.html,61,3,1,0,0,1
https://www.goldminingexpresstracking.live/international/preparing-international-shipments.html,95,3,1,0,0,1
https://www.goldminingexpresstracking.live/business/advertise-with-mail.html,76,3,1,0,0,1
https://www.goldminingexpresstracking.live/business/return-services.html,72,3,1,0,0,1
https://www.goldminingexpresstracking.live/business/business-shipping.html,74,3,1,0,0,1
https://www.goldminingexpresstracking.live/ship/custom-mail.html,64,3,1,0,0,1
https://www.goldminingexpresstracking.live/ship/index.html,58,3,1,0,0,1
https://www.goldminingexpresstracking.live/business/connect/index.html,70,3,1,0,0,1
https://www.goldminingexpresstracking.live/business/every-door-direct-mail.html,79,3,1,0,0,1
https://zyrox-xd.github.io/portfolio/,37,2,1,0,0,1
https://pivlora.vercel.app/managermentloc/Landingpage/landingpage.html,70,3,1,0,0,1
http://www.rebrand.ly/fd147b/,29,2,0,0,0,1
http://5d1696253dfa3e7b0d1625fbea0764ebcbeb2cf4171c6145f410670b97.pages.dev/,76,2,0,0,0,1
https://t-kmall.shop/,21,1,1,0,0,1
https://dhlhr.webauthor.com/auth.cfm?sign_in=true&path=/,56,3,1,0,0,1
https://securepage.cloud/8ca9771b7xbc22424en815de2a2jea40e68e.html,66,2,1,0,1,1
http://ppfangyu66.com/,22,1,0,0,0,1
http://sweetsix0.wixsite.com/verifyumailnow,43,2,0,0,1,1
https://metymskloginui.webflow.io/,34,2,1,0,1,1
https://renyi10.com/,20,1,1,0,0,1
https://fbkoreleven.nwublasnwbe.top/,36,2,1,0,0,1
https://notcvn.top/h5/,22,1,1,0,0,1
http://mobaxhighlimit.pro/,26,1,0,0,0,1
http://ilinvestimenti.store/,28,1,0,0,0,1
http://msha.ke/webserver123,27,1,0,0,0,1
http://msha.ke/bdithed,22,1,0,0,0,1
https://notifyhubss.net/43b3bfd5cucd3d463clb5574b9el906a6369.html__;!!L5AuLKg72A-7!-9SkJ8CAyEBbGuQ6leXH-ZiOTV0Yk7LkvZfffj8C_5UZg677GJcaELxomypCRwRtwFh7oB7K8YttjlEqriPmGQ$/,171,2,1,0,0,1
https://www.whatsapp-us.com/,28,2,1,0,0,1
https://r3continuumm.com/landing/form/ca5fb13f-6925-44ac-893a-648be9b848cd,74,1,1,0,0,1
https://keithforum.com/,23,1,1,0,0,1
https://prow1bc.vercel.app/m,28,2,1,0,0,1
https://r3continuumm.com/landing/form/cc348f43-eca5-42ca-8d87-77aaaf1a1f9b,74,1,1,0,0,1
https://breachmarketingflare.vercel.app/get_help,48,2,1,0,0,1
https://securepage.cloud/84ada84dbxd283423bn856cd34ejc70ef6b4.html,66,2,1,0,1,1
https://bafybeifqmb6hcx6golqgb6lkrrwbf3d4tcotcszynnhqc7ai4nd2d43boq.ipfs.dweb.link/,83,3,1,0,0,1
https://elakkee-mobiili-fi.com/,31,1,1,0,0,1
https://kirjjaudu-mobllipyllafii.com/,37,1,1,0,0,1
https://kirjjaudu-mobliipylafii.com/,36,1,1,0,0,1
https://kirjjaudu-moblliipyllaffi.com/,38,1,1,0,0,1
https://bt-109895.weeblysite.com/,33,2,1,0,0,1
https://r3continuumm.com/landing/form/7754508a-5df2-4ea2-95cf-36441d1ee3d7,74,1,1,0,0,1
http://pub-8fa7234f6f2e46fc933e7662444b9c5d.r2.dev/index.html,61,3,0,0,0,1
http://jhfikufiwukfcikjiekjvikefjd.weeblysite.com/,50,2,0,0,0,1
http://heyuuyeydjjeyudr87834ueyee.weeblysite.com/,49,2,0,0,0,1
http://btwebmailcustomercareinfo.weebly.com/,44,2,0,0,0,1
http://pub-6bb633a82dfa44dcb30a5ac590cc8411.r2.dev/index.html,61,3,0,0,0,1
http://pub-8b71f714e37549baadfa1617d1c00237.r2.dev/index.html,61,3,0,0,0,1
http://pub-94725342a7ec446a9e3eb487ee4c23ef.r2.dev/index.html,61,3,0,0,0,1
http://pub-fb608b58d7c54b94bb2c5d0d3083122e.r2.dev/index.html,61,3,0,0,0,1
http://pub-58a4baf41c124648bdc4fe772188accd.r2.dev/index.html,61,3,0,0,0,1
https://r3continuumm.com/landing/form/ecf4108d-1f3a-4768-a49f-85ee46889482,74,1,1,0,0,1
http://pub-864dd5559409407da817adb144831b51.r2.dev/bridge.html,62,3,0,0,0,1
http://pub-4fcafdabd48b45cd8efb6cdc77f798a5.r2.dev/index.html,61,3,0,0,0,1
http://seeteressecalywoi.github.io/ceselcdeselimbotacer/juozz/multi.html,72,3,0,0,0,1
http://pub-22f8f61c51934725be91ce107493478e.r2.dev/index.html,61,3,0,0,0,1
http://pub-8b8de6dbc21b4bb49ceaead3297322f4.r2.dev/woosx.html,61,3,0,0,0,1
http://pub-9afc1e15c45e46e796e2ece1f3d8e664.r2.dev/index.html,61,3,0,0,0,1
http://pub-e9431f8641fb4668b9f08c8881dc9639.r2.dev/index.html,61,3,0,0,0,1
http://pub-c5e9888c57434cb293de0e18a895f997.r2.dev/index.html,61,3,0,0,0,1
http://pub-fff5fc216c4241d19544ce3c5e3e1067.r2.dev/index.html,61,3,0,0,0,1
http://pub-f5cd5e744dc5474a9721dcead7a26dc8.r2.dev/index.html,61,3,0,0,0,1
http://www.iaouk.cn/,20,2,0,0,0,1
http://pub-fdfcb9a57e0240769aab01830d230020.r2.dev/owa98sdfcgg9487.html,71,3,0,0,0,1
http://pub-6f8a4dc83b8743fb9fb01e7f6f8b84fe.r2.dev/index.html,61,3,0,0,0,1
https://hh06-7yughjerdf7t89y8u9dgfyiuhjkrdg.vercel.app/kjftpdm.html,67,3,1,0,0,1
http://pub-4bee9eb1971c454596bcb7cfc370e9d5.r2.dev/index.html,61,3,0,0,0,1
http://eassurance.wpenginepowered.com/ch/ch/,44,2,0,0,0,1
http://btlallala-105654.weeblysite.com/,39,2,0,0,0,1
http://pub-a263e0790935412eb10cacc55bbced18.r2.dev/index.html,61,3,0,0,0,1
http://pub-88110a7c6ee844cfb279105f2947dc52.r2.dev/index.html,61,3,0,0,0,1
https://securepage.cloud/8a3e79a2dx6faf4b5en8ae6bb89j38bc230d.html,66,2,1,0,1,1
http://pub-1ab5dde141674607819257792d67f534.r2.dev/index.html,61,3,0,0,0,1
http://pub-c2c250050109456396c933de259a4fea.r2.dev/index.html,61,3,0,0,0,1
http://pub-89110e2183854908851e064705e74fa4.r2.dev/index.html,61,3,0,0,0,1
http://pub-803ff0525e5b446681ca784db8a80277.r2.dev/index.html,61,3,0,0,0,1
http://pub-53d8c8824459455a8bb62d4b9a0d5f2f.r2.dev/index.html,61,3,0,0,0,1
http://pub-08ccb1c9e7d64b1db82f179358ec2e35.r2.dev/index.html,61,3,0,0,0,1
http://pub-4c0ab1497fef4aad8bf16b461a3853ed.r2.dev/index.html,61,3,0,0,0,1
http://pub-162a9c6132154263b7ace17a8b681143.r2.dev/index.html,61,3,0,0,0,1
http://pub-8571d3bc1b9c4806bcb0949ad138f71e.r2.dev/ds1nt.htm,60,3,0,0,0,1
http://pub-b01a5ee3aa8648d4827c5e9740864c7b.r2.dev/index.html,61,3,0,0,0,1
http://pub-c8190d91acc14cf6b49ba44dafc171ae.r2.dev/index.html,61,3,0,0,0,1
http://pub-f4ef5c21c20140159dfa19f0786fe5be.r2.dev/index.html,61,3,0,0,0,1
http://pub-d3aa6c5cbd3e46d2bb776972200452e7.r2.dev/index.html,61,3,0,0,0,1
http://pub-d2430ee851ff44c0a6487c8b6c19a658.r2.dev/tsunami.html,63,3,0,0,0,1
http://pub-ecec9e72125543efa9367056ac7f4d7e.r2.dev/index.html,61,3,0,0,0,1
http://pub-da74aa96e0b9429e84033f8671051bd7.r2.dev/index.html,61,3,0,0,0,1
http://www.online-extension.lol/,32,2,0,0,0,1
http://pub-2925f759f5404c63b7c89a401b18e0d4.r2.dev/index.html,61,3,0,0,0,1
http://special.registrofisial.biz.id/,37,3,0,0,0,1
http://pub-5d1ae71971504e82891d0f6746345170.r2.dev/index.html,61,3,0,0,0,1
http://pub-270874c6727e44ffa71030e32b3e116f.r2.dev/index.html,61,3,0,0,0,1
http://pub-4b2df6f69ef546de9ed65b0effd854b6.r2.dev/index.html,61,3,0,0,0,1
http://pub-6d5296727a8b4cee87e84e0d38e440b1.r2.dev/index.html,61,3,0,0,0,1
http://pub-9571b93c66844a34b5df408118e57b1b.r2.dev/index.html,61,3,0,0,0,1
http://pub-d287cacecb2747bbb10bf5f1dce1a9f8.r2.dev/index.html,61,3,0,0,0,1
https://05t-78tyughbesdf6t87y98uiesfdyghj.vercel.app/id/1000812953458999.html,77,3,1,0,0,1
http://pub-eb03e594738b420c8a34cb7366d9f29b.r2.dev/lkjhgz.html,62,3,0,0,0,1
http://pub-8f7e633e5eed4ea49d06f29a7e3d227d.r2.dev/DF1.html,59,3,0,0,0,1
https://cn.plhhovyj.com:9119/home/register?code=44370,53,2,1,0,0,1
https://iman755.com/,20,1,1,0,0,1
http://pub-d95083b0ab974f0cb4aefa0d6aef6040.r2.dev/index.html,61,3,0,0,0,1
https://3-64-147-162.cprapid.com/ro/update6.php,47,3,1,0,1,1
http://pub-70873477437b499d9bd9094d488dd37a.r2.dev/index.html,61,3,0,0,0,1
http://pub-7b7459ddbf5441d78735b36b92441ab8.r2.dev/index.html,61,3,0,0,0,1
https://getfileonline.weeblysite.com/,37,2,1,0,0,1
http://pub-2916f79c02924f4090d165d00e7d0ff0.r2.dev/index.html,61,3,0,0,0,1
https://bt-105370.weeblysite.com/,33,2,1,0,0,1
http://pub-a64ea7f38180471cba2b6222644bec37.r2.dev/index.html,61,3,0,0,0,1
http://pub-005b0ffa1491459888d064e89e851fc3.r2.dev/index.html,61,3,0,0,0,1
https://rewsvfd.weeblysite.com/,31,2,1,0,0,1
http://pub-ee7ef6a1204d46e6a1b5b63fd1e9154e.r2.dev/index.html,61,3,0,0,0,1
http://pub-6eca2ba9f56f4cdc93a7fb1285629a21.r2.dev/awqdex.html,62,3,0,0,0,1
http://pub-ea107071ef6743a9abdf6932957f5a30.r2.dev/index.html,61,3,0,0,0,1
http://pub-f3a335c3131047a7a157d355c61847fa.r2.dev/newmicrosoftupdate.html,74,3,0,0,1,1
http://pub-659044bb68384dc99a6f10639a2ce0f8.r2.dev/index.html,61,3,0,0,0,1
http://pub-43322d50f37946a4abafe95ce495016c.r2.dev/index.html,61,3,0,0,0,1
http://pub-398374cead0f4c34808233c18510c81b.r2.dev/kjkudex.html,63,3,0,0,0,1
http://pub-1d553c139e2b4614ab4a7a10ad8c064d.r2.dev/index.html,61,3,0,0,0,1
http://jfbfs.sthb.my.id/Mlbb/,29,3,0,0,0,1
https://fatblockerpills.com/,28,1,1,0,0,1
http://pub-1d7a1fed18614b419641f48d1c598e79.r2.dev/index.html,61,3,0,0,0,1
http://pub-ce5fd37458b34bf9a3a9b5e4e66f972a.r2.dev/index.html,61,3,0,0,0,1
https://hih-107883.weeblysite.com/,34,2,1,0,0,1
http://pub-4594170d59e1420294c17f88ab2fc81e.r2.dev/index.html,61,3,0,0,0,1
http://pub-0ec8eacba7db4292aa9118c7cb3c54cf.r2.dev/faculty.html,63,3,0,0,0,1
http://pub-2fad846527d7473aa1d1ed2a45595d9d.r2.dev/index.html,61,3,0,0,0,1
http://pub-655babd713224bcdb461dfde01d47627.r2.dev/index.html,61,3,0,0,0,1
http://pub-b4f19f47bf054b6589fb36a7a9659885.r2.dev/index.html,61,3,0,0,0,1
http://pub-81a947e8d81d4d49b1b096168d258f36.r2.dev/index.html,61,3,0,0,0,1
http://pub-7571f8ffd5b243f892961d4b09c69e36.r2.dev/index.html,61,3,0,0,0,1
https://to-tokenp0cket.info/,28,1,1,0,0,1
https://tel-ewi-webmail-bigpond.weebly.com/,43,2,1,0,0,1
https://arayaaspintex.com/api/webmail/,38,1,1,0,0,1
https://new.midasbuyofficial.com/,33,2,1,0,0,1
http://anyacloudflare.akuanakmamah.de.dm-manageer.merchats.com/,63,5,0,0,0,1
http://anyacloudflarex.akuanakmamah.de.dm-manageer.merchats.com/,64,5,0,0,0,1
http://anyacloudflareo.akuanakmamah.de.dm-manageer.merchats.com/,64,5,0,0,0,1
http://www.anyacloudflare.akuanakmamah.de.dm-manageer.merchats.com/,67,6,0,0,0,1
http://www.anyacloudflarex.akuanakmamah.de.dm-manageer.merchats.com/,68,6,0,0,0,1
http://www.anyacloudflareo.akuanakmamah.de.dm-manageer.merchats.com/,68,6,0,0,0,1
https://swad.242372.icu/7191933/poll,36,2,1,0,0,1
https://naj5wj7iq1.sportissimus.com:8443/impact?dzwrnnqbld1nbvuj=3mail@b.c,74,3,1,0,0,1
https://uwzbc1dqjn.sportissimus.com:8443/impact?12lzyi3ojwp8szqs=3mail@b.c,74,3,1,0,0,1
https://securepage.cloud/84280ed09xbecb4da5nad97b6f2jad57ad2a.html,66,2,1,0,1,1
http://m2customcar.com/asdef05sth,33,1,0,0,0,1
http://hhjk8iu.weebly.com/,26,2,0,0,0,1
https://www.jnyinuote.cn/,25,2,1,0,0,1
https://the-bithub.com/bckxi/,29,1,1,0,0,1
https://ura.cc/Pembatalan.Dana-Paylater,39,2,1,0,0,1
http://023traff4hugedomains.weebly.com/,39,2,0,0,0,1
https://woetl-h-knsr3bzcx0v.pages.dev/,38,2,1,0,0,1
https://securepage.cloud/82ce2bc5ax033e4a12n8b8e6fc3je9f13f2d.html,66,2,1,0,1,1
http://0ts5.weebly.com/,23,2,0,0,0,1
http://827581.cc/,17,1,0,0,0,1
http://728147.cc/,17,1,0,0,0,1
https://att456dfg8765.weebly.com/,33,2,1,0,0,1
http://kucoin321.top/,21,1,0,0,0,1
https://securepage.cloud/837906707x11754dcenae754553j49642a32.html,66,2,1,0,1,1
http://www.hairycode.org/,25,2,0,0,0,1
http://gemiiniflogin.webflow.io/index.html,42,3,0,0,1,1
http://netflix-clone-youtube-psi.vercel.app/login/,50,2,0,0,1,1
http://pub-09ed2c2376894fecba55015df6ec08e6.r2.dev/control.html,63,3,0,0,0,1
http://gemini_logginees.godaddysites.com/,41,2,0,0,0,1
https://hgkaderbd.akuanakmamah.de/,34,2,1,0,0,1
http://www.hgkaderbd.akuanakmamah.de/,37,3,0,0,0,1
http://www.hgkaderbd.akuanakmamah.de.exclusive-midasbuy.merchats.com/,69,6,0,0,0,1
http://hgkaderbd.akuanakmamah.de.exclusive-midasbuy.merchats.com/,65,5,0,0,0,1
https://trrccecetre.pages.dev/,30,2,1,0,0,1
https://uigug.pages.dev/,24,2,1,0,0,1
https://dexnow.pages.dev/,25,2,1,0,0,1
https://dexswiftapp.pages.dev/,30,2,1,0,0,1
http://njghfg.weebly.com/,25,2,0,0,0,1
http://es.de.bl-1.com/h/i/nM1nSS/kccz9XR,40,3,0,0,0,1
http://1136257365.com/,22,1,0,0,0,1
http://login.authcartegriseenligne.com/,39,2,0,0,1,1
http://bridge-ehub-rtrzor.webflow.io/,37,2,0,0,0,1
http://auth-trzorlougin.webflow.io/,35,2,0,0,0,1
http://trezsour--suiit-app.webflow.io/,38,2,0,0,0,1
http://help--ss--s--ledgercontentt.webflow.io/,46,2,0,0,0,1
http://help-cdn---ledge.webflow.io/,35,2,0,0,0,1
http://sso-cdn--coinbasepro--a-auth.webflow.io/,47,2,0,0,0,1
http://com-m-start-ledger.webflow.io/,37,2,0,0,0,1
http://learn-desk--m----ledgre.webflow.io/,42,2,0,0,0,1
http://secure-leedger--auth.webflow.io/,39,2,0,0,1,1
http://auth-sstart-trezor-s.webflow.io/,39,2,0,0,0,1
http://mettemakllugin.webflow.io/,33,2,0,0,0,1
http://sso--coinbasepro--cdn---en--auth.webflow.io/,51,2,0,0,0,1
http://w-ledgercom-steert.webflow.io/,37,2,0,0,0,1
http://sso-treiuzor--help.webflow.io/,37,2,0,0,0,1
http://1111365tz.vip/,21,1,0,0,0,1
http://reviewersrush.com/,25,1,0,0,0,1
http://officialtrezorsuiteapp.webflow.io/,41,2,0,0,0,1
http://terzorst-support-auth.webflow.io/,40,2,0,0,0,1
http://help-ledger-apps.webflow.io/,35,2,0,0,0,1
http://hjxbdjkvhvchfdh.weebly.com/,34,2,0,0,0,1
https://www.vjdyut.cn/,22,2,1,0,0,1
http://kumawire.com/,20,1,0,0,0,1
http://billinginformationupgradeat.weebly.com/,46,2,0,0,0,1
http://000414-coinbase.com/,27,1,0,0,0,1
http://kucoinkniilogin.webflow.io/,34,2,0,0,1,1
http://1b375bcda594bd6f.bet235e.com/,36,2,0,0,0,1
http://2518800.com/,19,1,0,0,0,1
http://uniglobalservicelinehomade.weebly.com/,45,2,0,0,0,1
http://codashopmlbb.merchats.com/,33,2,0,0,0,1
http://doc-ledgerwalleth--support.webflow.io/,45,2,0,0,0,1
https://www-enet.github.io/prestamo-bbva-mexico/demande.html,60,3,1,0,0,1
https://www-enet.github.io/prestamo-bbva-mexico/contacte.html,61,3,1,0,0,1
https://telstraaaa-web.weebly.com/,34,2,1,0,0,1
https://pages-verify-business-information-git-237fdb-id1000300681-with.vercel.app/business.html/,96,3,1,0,1,1
https://jbo.pages.dev/,22,2,1,0,0,1
http://callmenow.work.gd/idier.philibert--_--monique.hossele/renard.watteau--_--laurence.sarrates/bournet.couverture--_-christophe.traynar/ngelique.bouquet--_--silvana-schmidtvd,177,9,0,0,0,1
http://www.supportcom.online/f810cbacd72b9542a4u8c4bb1cc0b2ef1d9c.html,70,3,0,0,0,1
http://hpwctpnuorkibxwwywpjvfbymwjodjrruueigvcsd5qr2ugztv3q.g8way.io/O-wpvbR0VIDe1sWempQ4ZZLhpjGlCINUUh9hHVDZnXc/,113,2,0,0,0,1
http://webmailportal-login.mos.ap-southeast-2.sufybkt.com/Invoice%20payment%20.html,83,5,0,0,1,1
http://onedrive-files.mos.ap-southeast-2.sufybkt.com/Russia%20Outstanding%20Invoice.html,88,5,0,0,0,1
http://www.g8way.io/O-wpvbR0VIDe1sWempQ4ZZLhpjGlCINUUh9hHVDZnXc/,64,2,0,0,0,1
https://aeroembolism.shop/eO/gaz,32,1,1,0,0,1
http://cosmetological.xyz/rud/go?sid=5580,41,1,0,0,0,1
https://www.hkawj.cn/,21,2,1,0,0,1
https://securepage.cloud/871edfd3ax0f6c4f46na5a36b25jb5b58e33.html,66,2,1,0,1,1
http://liteblueloginusps.us/,28,1,0,0,1,1
http://social-media-app-coral.vercel.app/,41,2,0,0,0,1
https://tfbganzm.e-kei.pl/wp-contacte/login.htm,47,3,1,0,1,1
https://aeroembolism.shop/NW8/gaz,33,1,1,0,0,1
http://cosmetological.xyz/agke/go?sid=5580,42,1,0,0,0,1
https://attserverx1.weebly.com/,31,2,1,0,0,1
http://bitvavo888.com/,22,1,0,0,0,1
http://blckfi-login-us.godaddysites.com/,40,2,0,0,1,1
http://asdkkfrffwin.weebly.com/,31,2,0,0,0,1
http://app--secure--ndax--auth-cdn.webflow.io/,46,2,0,0,1,1
http://6ibkyf0om5u.netlify.app/,31,2,0,0,0,1
http://551007s.cc/,18,1,0,0,0,1
http://jmygajpoh.akuanakmamah.de/,33,2,0,0,0,1
https://app-67af7781c1ac180cd41549da.closte.com/dbss/?&ref=&date=undefined&courriel=undefined&0.04631771010028651,113,3,1,0,0,1
http://gemini-logytn.godaddysites.com/,38,2,0,0,0,1
http://get-form-verification-mark.vercel.app/,45,2,0,0,0,1
https://case-id-1000228237834.counselschambers.co.uk/,53,3,1,0,0,1
http://case-id-1000228287156.counselschambers.co.uk/,52,3,0,0,0,1
http://case-id-1000228293414.counselschambers.co.uk/,52,3,0,0,0,1
http://case-id-1000228294590.counselschambers.co.uk/,52,3,0,0,0,1
http://maskbtc.online/,22,1,0,0,0,1
http://case-id-1000228283712.counselschambers.co.uk/,52,3,0,0,0,1
http://conbccselognvco.godaddysites.com/,40,2,0,0,0,1
http://case-id-1000228278917.counselschambers.co.uk/,52,3,0,0,0,1
http://case-id-1000228291962.counselschambers.co.uk/,52,3,0,0,0,1
http://case-id-1000228253210.counselschambers.co.uk/,52,3,0,0,0,1
http://case-id-1000228276441.counselschambers.co.uk/,52,3,0,0,0,1
http://case-id-1000228267976.counselschambers.co.uk/,52,3,0,0,0,1
http://case-id-1000228296548.counselschambers.co.uk/,52,3,0,0,0,1
http://cettakkupoon.blxczy.web.id/,34,3,0,0,0,1
http://eskepal.akuanakmamah.de/,31,2,0,0,0,1
http://darazbest.vip/,21,1,0,0,0,1
https://portculils.com/?eml=3mail@b.c,37,2,1,0,0,1
http://trcbangkit.akuanakmamah.de/,34,2,0,0,0,1
http://035d50bbb21f.godaddysites.com/,37,2,0,0,0,1
http://claaim-uaangg.ds9gs.my.id/,33,3,0,0,0,1
http://www.okbko.cn/,20,2,0,0,0,1
http://invpdfviwer.xyz/summary/?email=3mail@b.c,47,2,0,0,0,1
http://31b25869b39f1baa9e7fc27925.pages.dev/,44,2,0,0,0,1
http://www.hongyusq.com.cn/,27,3,0,0,0,1
https://codaabadi.akuanakmamah.de/,34,2,1,0,0,1
https://thesupport-center.com/?rid=9bW6knO,42,1,1,0,0,1
https://551002y.cc/,19,1,1,0,0,1
https://securepage.cloud/888a7844bx098e4cf2n8aa49fe8j3d88bce2.html,66,2,1,0,1,1
https://ambllkpon.web.id/,25,2,1,0,0,1
https://twitter-cl.vercel.app/,30,2,1,0,0,1
http://www.tpmvn.cn/,20,2,0,0,0,1
http://www.igleak.info/,23,2,0,0,0,1
https://my.sultools.com/1-24080503/index.html,45,3,1,0,0,1
https://jane-51g.pages.dev/contact/,35,2,1,0,0,1
https://dexswift.pages.dev/,27,2,1,0,0,1
https://dexswiftnet.pages.dev/,30,2,1,0,0,1
https://f006.backblazeb2.com/file/HalaMad/minisofocxxs.html,59,3,1,0,0,1
http://ws-businsee.com/,23,1,0,0,0,1
https://arnon-facebook.vercel.app/register,42,2,1,0,0,1
https://www.app-apple.pedilanthus.com/auth2/login/note,54,3,1,0,1,1
https://securepage.cloud/83ca9c325x9bed4269n9a39cd0cjc1a1b283.html,66,2,1,0,1,1
https://mytestingsite12340321.com/,34,1,1,0,0,1
https://rafaeli.com.py/wp-content/upgrade/Fixed/index.php?uid=aaaa@exa,70,3,1,0,0,1
https://ic.shoujizhuan88.top/xznbp/,35,2,1,0,0,1
https://securepage.cloud/8ed360a57x04f64f31n89366214j6b46df3f.html,66,2,1,0,1,1
https://www.issqfu.cn/,22,2,1,0,0,1
https://gemini68.xin/,21,1,1,0,0,1
https://m.kucoin321.top/,24,2,1,0,0,1
http://yor-o.desev.top/,23,2,0,0,0,1
http://hotnneg.shop/,20,1,0,0,0,1
http://mhaibraagimbgledgiaegiofmg0ibhaagimbg9ledgiaemgyib.vercel.app/idsp/10007512780106.html,93,3,0,0,0,1
http://business-profile-validations-page-git-c6522d-id1000608007-data.vercel.app/meta.html,90,3,0,0,0,1
https://appinfo-sgniedinaccount.107-172-50-143.cprapid.com/telstra/telstra/signin/,82,3,1,0,0,1
https://appinfo-sgniedinaccount.107-172-50-143.cprapid.com/telstra/telstra/signin/otp/otp1.php,94,4,1,0,0,1
https://appinfo-sgniedinaccount.107-172-50-143.cprapid.com/telstra/telstra/signin/payments.php,94,4,1,0,0,1
https://appinfo-sgniedinaccount.107-172-50-143.cprapid.com/telstra/telstra/signin/otp/otp2.php,94,4,1,0,0,1
https://appinfo-sgniedinaccount.107-172-50-143.cprapid.com/telstra/telstra/signin/otp/otp3.php,94,4,1,0,0,1
https://appinfo-sgniedinaccount.107-172-50-143.cprapid.com/telstra/telstra/signin/payments2.php,95,4,1,0,0,1
https://appinfo-sgniedinaccount.107-172-50-143.cprapid.com/telstra/telstra/signin/otp/otp4.php,94,4,1,0,0,1
https://appinfo-sgniedinaccount.107-172-50-143.cprapid.com/telstra/telstra/signin/otp/otp5.php,94,4,1,0,0,1
https://instagram50688.blogspot.com/?m=1,40,2,1,0,0,1
http://www.s-mobiilikampanjaa.com/,34,2,0,0,0,1
http://www.kampanie-allegro-pl.com/,35,2,0,0,0,1
https://home482.godaddysites.com/,33,2,1,0,0,1
https://atthelpmode.wixsite.com/my-site-1,41,2,1,0,0,1
https://7pptdtdrtsesrtwrhvfx.weebly.com/,40,2,1,0,0,1
http://case-id-1000228282839.counselschambers.co.uk/,52,3,0,0,0,1
https://hxctfvtcx.ubpages.com/fbd05452-1300-11f0-a3f4-92c1e971b19a,66,2,1,0,0,1
https://bt-109837.weeblysite.com/,33,2,1,0,0,1
https://zqzhaopin.com/asdef05sth/,33,1,1,0,0,1
https://store.wallpaperenginelive.com/,38,2,1,0,0,1
http://bitvavo.com.nl.services.equipotacticocondor.com.mx/robots.txtprofiel_bijwerken.php?XAcJ1I0qGkLlwQvUpzMT4jgiKtm5W8fCAXAcJ1I0qGkLlwQvUpzMT4jgiKtm5W8fCAXAcJ1I0qGkLlwQvUpzMT4jgiKtm5W8fCAXAcJ1I0qGkLlwQvUpzMT4jgiKtm5W8fCAXAcJ1I0qGkLlwQvUpzMT4jgiKtm5W8fCAXAcJ1I0qGkLlwQvUpzMT4jgiKtm5W8fCAXAcJ1I0qGkLlwQvUpzMT4jgiKtm5W8fXAcJ1I0qGkLlwQvUpzMT4jgiKtm5W8fCAXAcJ1I0qGkLlwQvUpzMT4jgiKtm5W8fCAXAcJ1I0qGkLlwQvUpzMT4jgiKtm5W8fCAXAcJ1I0qGkLlwQvUpzMT4jgiKtm5W8fCAXAcJ1I0qGkLlwQvUpzMT4jgiKtm5W8fCAXAcJ1I0qGkLlwQvUpzMT4jgiKtm5W8fCAXAcJ1I0qGkLlwQvUpzMT4jgiKtm5W8fprofiel_bijwerken.php?XAcJ1I0qGkLlwQvUpzMT4jgiKtm5W8fCAXAcJ1I0qGkLlwQvUpzMT4jgiKtm5W8fCAXAcJ1I0qGkLlwQvUpzMT4jgiKtm5W8fCAXAcJ1I0qGkLlwQvUpzMT4jgiKtm5W8fCAXAcJ1I0qGkLlwQvUpzMT4jgiKtm5W8fCAXAcJ1I0qGkLlwQvUpzMT4jgiKtm5W8fCAXAcJ1I0qGkLlwQvUpzMT4jgiKtm5W8fXAcJ1I0qGkLlwQvUpzMT4jgiKtm5W8fCAXAcJ1I0qGkLlwQvUpzMT4jgiKtm5W8fCAXAcJ1I0qGkLlwQvUpzMT4jgiKtm5W8fCAXAcJ1I0qGkLlwQvUpzMT4jgiKtm5W8fCAXAcJ1I0qGkLlwQvUpzMT4jgiKtm5W8fCAXAcJ1I0qGkLlwQvUpzMT4jgiKtm5W8fCAXAcJ1I0qGkLlwQvUpzMT4jgiKtm5W8fprofiel_bijwerken.php?XAcJ1I0qGkLlwQvUpzMT4jgiKtm5W8fCAXAcJ1I0qGkLlwQvUpzMT4jgiKtm5W8fCAXAcJ1I0qGkLlwQvUpzMT4jgiKtm5W8fCAXAcJ1I0qGkLlwQvUpzMT4jgiKtm5W8fCAXAcJ1I0qGkLlwQvUpzMT4jgiKtm5W8fCAXAcJ1I0qGkLlwQvUpzMT4jgiKtm5W8fCAXAcJ1I0qGkLlwQvUpzMT4jgiKtm5W8fXAcJ1I0qGkLlwQvUpzMT4jgiKtm5W8fCAXAcJ1I0qGkLlwQvUpzMT4jgiKtm5W8fCAXAcJ1I0qGkLlwQvUpzMT4jgiKtm5W8fCAXAcJ1I0qGkLlwQvUpzMT4jgiKtm5W8fCAXAcJ1I0qGkLlwQvUpzMT4jgiKtm5W8fCAXAcJ1I0qGkLlwQvUpzMT4jgiKtm5W8fCAXAcJ1I0qGkLlwQvUpzMT4jgiKtm5W8fprofiel_bijwerken.php?XAcJ1I0qGkLlwQvUpzMT4jgiKtm5W8fCAXAcJ1I0qGkLlwQvUpzMT4jgiKtm5W8fCAXAcJ1I0qGkLlwQvUpzMT4jgiKtm5W8fCAXAcJ1I0qGkLlwQvUpzMT4jgiKtm5W8fCAXAcJ1I0qGkLlwQvUpzMT4jgiKtm5W8fCAXAcJ1I0qGkLlwQvUpzMT4jgiKtm5W8fCAXAcJ1I0qGkLlwQvUpzMT4jgiKtm5W8fXAcJ1I0qGkLlwQvUpzMT4jgiKtm5W8fCAXAcJ1I0qGkLlwQvUpzMT4jgiKtm5W8fCAXAcJ1I0qGkLlwQvUpzMT4jgiKtm5W8fCAXAcJ1I0qGkLlwQvUpzMT4jgiKtm5W8fCAXAcJ1I0qGkLlwQvUpzMT4jgiKtm5W8fCAXAcJ1I0qGkLlwQvUpzMT4jgiKtm5W8fCAXAcJ1I0qGkLlwQvUpzMT4jgiKtm5W8fprofiel_bijwerken.php?XAcJ1I0qGkLlwQvUpzMT4jgiKtm5W8fCAXAcJ1I0qGkLlwQvUpzMT4jgiKtm5W8fCAXAcJ1I0qGkLlwQvUpzMT4jgiKtm5W8fCAXAcJ1I0qGkLlwQvUpzMT4jgiKtm5W8fCAXAcJ1I0qGkLlwQvUpzMT4jgiKtm5W8fCAXAcJ1I0qGkLlwQvUpzMT4jgiKtm5W8fCAXAcJ1I0qGkLlwQvUpzMT4jgiKtm5W8fXAcJ1I0qGkLlwQvUpzMT4jgiKtm5W8fCAXAcJ1I0qGkLlwQvUpzMT4jgiKtm5W8fCAXAcJ1I0qGkLlwQvUpzMT4jgiKtm5W8fCAXAcJ1I0qGkLlwQvUpzMT4jgiKtm5W8fCAXAcJ1I0qGkLlwQvUpzMT4jgiKtm5W8fCAXAcJ1I0qGkLlwQvUpzMT4jgiKtm5W8fCAXAcJ1I0qGkLlwQvUpzMT4jgiKtm5W8fprofiel_bijwerken.php?XAcJ1I0qGkLlwQvUpzMT4jgiKtm5W8fCAXAcJ1I0qGkLlwQvUpzMT4jgiKtm5W8fCAXAcJ1I0qGkLlwQvUpzMT4jgiKtm5W8fCAXAcJ1I0qGkLlwQvUpzMT4jgiKtm5W8fCAXAcJ1I0qGkLlwQvUpzMT4jgiKtm5W8fCAXAcJ1I0qGkLlwQvUpzMT4jgiKtm5W8fCAXAcJ1I0qGkLlwQvUpzMT4jgiKtm5W8fXAcJ1I0qGkLlwQvUpzMT4jgiKtm5W8fCAXAcJ1I0qGkLlwQvUpzMT4jgiKtm5W8fCAXAcJ1I0qGkLlwQvUpzMT4jgiKtm5W8fCAXAcJ1I0qGkLlwQvUpzMT4jgiKtm5W8fCAXAcJ1I0qGkLlwQvUpzMT4jgiKtm5W8fCAXAcJ1I0qGkLlwQvUpzMT4jgiKtm5W8fCAXAcJ1I0qGkLlwQvUpzMT4jgiKtm5W8fprofiel_bijwerken.php?XAcJ1I0qGkLlwQvUpzMT4jgiKtm5W8fCAXAcJ1I0qGkLlwQvUpzMT4jgiKtm5W8fCAXAcJ1I0qGkLlwQvUpzMT4jgiKtm5W8fCAXAcJ1I0qGkLlwQvUpzMT4jgiKtm5W8fCAXAcJ1I0qGkLlwQvUpzMT4jgiKtm5W8fCAXAcJ1I0qGkLlwQvUpzMT4jgiKtm5W8fCAXAcJ1I0qGkLlwQvUpzMT4jgiKtm5W8fXAcJ1I0qGkLlwQvUpzMT4jgiKtm5W8fCAXAcJ1I0qGkLlwQvUpzMT4jgiKtm5W8fCAXAcJ1I0qGkLlwQvUpzMT4jgiKtm5W8fCAXAcJ1I0qGkLlwQvUpzMT4jgiKtm5W8fCAXAcJ1I0qGkLlwQvUpzMT4jgiKtm5W8fCAXAcJ1I0qGkLlwQvUpzMT4jgiKtm5W8fCAXAcJ1I0qGkLlwQvUpzMT4jgiKtm5W8fprofiel_bijwerken.php?XAcJ1I0qGkLlwQvUpzMT4jgiKtm5W8fCAXAcJ1I0qGkLlwQvUpzMT4jgiKtm5W8fCAXAcJ1I0qGkLlwQvUpzMT4jgiKtm5W8fCAXAcJ1I0qGkLlwQvUpzMT4jgiKtm5W8fCAXAcJ1I0qGkLlwQvUpzMT4jgiKtm5W8fCAXAcJ1I0qGkLlwQvUpzMT4jgiKtm5W8fCAXAcJ1I0qGkLlwQvUpzMT4jgiKtm5W8fXAcJ1I0qGkLlwQvUpzMT4jgiKtm5W8fCAXAcJ1I0qGkLlwQvUpzMT4jgiKtm5W8fCAXAcJ1I0qGkLlwQvUpzMT4jgiKtm5W8fCAXAcJ1I0qGkLlwQvUpzMT4jgiKtm5W8fCAXAcJ1I0qGkLlwQvUpzMT4jgiKtm5W8fCAXAcJ1I0qGkLlwQvUpzMT4jgiKtm5W8fCAXAcJ1I0qGkLlwQvUpzMT4jgiKtm5W8fprofiel_bijwerken.php?XAcJ1I0qGkLlwQvUpzMT4jgiKtm5W8fCAXAcJ1I0qGkLlwQvUpzMT4jgiKtm5W8fCAXAcJ1I0qGkLlwQvUpzMT4jgiKtm5W8fCAXAcJ1I0qGkLlwQvUpzMT4jgiKtm5W8fCAXAcJ1I0qGkLlwQvUpzMT4jgiKtm5W8fCAXAcJ1I0qGkLlwQvUpzMT4jgiKtm5W8fCAXAcJ1I0qGkLlwQvUpzMT4jgiKtm5W8fXAcJ1I0qGkLlwQvUpzMT4jgiKtm5W8fCAXAcJ1I0qGkLlwQvUpzMT4jgiKtm5W8fCAXAcJ1I0qGkLlwQvUpzMT4jgiKtm5W8fCAXAcJ1I0qGkLlwQvUpzMT4jgiKtm5W8fCAXAcJ1I0qGkLlwQvUpzMT4jgiKtm5W8fCAXAcJ1I0qGkLlwQvUpzMT4jgiKtm5W8fCAXAcJ1I0qGkLlwQvUpzMT4jgiKtm5W8f,4388,16,0,0,0,1
https://safety-profiles-fb-ads-3692201842.vercel.app/,53,2,1,0,0,1
https://www.hyvast.net/,23,2,1,0,0,1
https://www.egmvmm.cn/,22,2,1,0,0,1
https://sc4866666.com/,22,1,1,0,0,1
https://www.app-id-notify-account.50-6-207-98.cprapid.com/signin,64,4,1,0,0,1
https://zpr.io/YPPGfzWtsxn6,27,1,1,0,0,1
https://zakopane-magdalenka.pl/wp-includes/sodium_compat/namespaced/Core/bel/zen/lbg/lb/net/login.php,101,2,1,0,1,1
https://rebrand.ly/51sra0c,26,1,1,0,0,1
https://ankit.thecentrium.in/,29,2,1,0,0,1
http://wap.njxnccc.cn/,22,2,0,0,0,1
https://tiktokvip-co.xyz/,25,1,1,0,0,1
http://puja-pandey.github.io/netflix-clone,42,2,0,0,0,1
https://business.accountverifyhelp.eu/,38,2,1,0,1,1
http://bitvavo.com.nl.services.nexoocupacional.com.br/,54,6,0,0,0,1
https://www.sfcp.ip-ddns.com/,29,3,1,0,0,1
https://demi.akuanakmamah.de/,29,2,1,0,0,1
http://mail.demi.akuanakmamah.de/,33,3,0,0,0,1
http://www.demi.akuanakmamah.de/,32,3,0,0,0,1
https://odohmmesoma234.github.io/spotify-clone/Home.html,56,3,1,0,0,1
http://www.es-netflix.shop/,27,2,0,0,0,1
https://marclaylucie.wixsite.com/my-swisscom-1,46,2,1,0,0,1
https://update.authy-coinbase.18-191-244-141.cprapid.com/secured/otp6/sign/index.html?23g4dgew,94,5,1,0,1,1
https://btinetjhfhf.weebly.com/,31,2,1,0,0,1
https://agreementupdateatt.wixsite.com/my-site-2,48,2,1,0,1,1
https://vzsd739344.weeblysite.com/,34,2,1,0,0,1
https://supportatt2w2w2.weebly.com/,35,2,1,0,0,1
https://blockchiainwellet.weebly.com/,37,2,1,0,0,1
http://web-ledger-indol.vercel.app/,35,2,0,0,0,1
http://vanfun.registid.com/,27,2,0,0,0,1
http://facebook.login-users.com/,32,2,0,0,1,1
https://layanan-app.com/Dana/,29,1,1,0,0,1
https://channelhub.info/p31331b2fic3604dediac3040c4797ff0d6b.html,65,2,1,0,0,1
https://ledger-com-firmwareupdate.shopstar.pk/,46,2,1,0,1,1
https://rtrtjnmtrfb.wixsite.com/my-site,39,2,1,0,0,1
https://signiatdynamatz.weebly.com/,35,2,1,0,0,1
https://my-site-103903-109110.weeblysite.com/,45,2,1,0,0,1
https://dylwmterms-login-screen-108048.weeblysite.com/,54,2,1,0,1,1
https://attcurently05-04-2025.weeblysite.com/,45,2,1,0,0,1
https://attcurently4-05-25.weeblysite.com/,42,2,1,0,0,1
http://coibase-verifyaccount.24-199-98-85.cprapid.com/?signin2,62,3,0,0,1,1
https://metacas6565.com/?business=128281685987&step=1,53,1,1,0,0,1
https://bell-485yh48.weebly.com/,32,2,1,0,0,1
http://tk.store-bnf.top/,24,2,0,0,0,1
http://www.paylink-netflix.info/,32,2,0,0,0,1
http://www.mkrlfa.cn/,21,2,0,0,0,1
http://auth--bitbuy-sso-l-cdn.webflow.io/,41,2,0,0,0,1
http://pemulihanakun.pmlhn.web.id/,34,3,0,0,0,1
http://appeal-submit-urgent-violation-issue-remove-review-page.vercel.app/,74,2,0,0,0,1
https://staemcomrnunlty.com/tradeoffers/new/partners=22532020000&token=TLgzJ132,79,1,1,0,0,1
https://captcha-seedclub.com/login,34,1,1,0,1,1
http://www.638cpf.com/,22,2,0,0,0,1
http://www.swiftwalllet-conttractt.live/,40,2,0,0,0,1
https://portal--ndax----io---cdn--auth.webflow.io/,50,2,1,0,0,1
http://netflix-clone-youtube-psi.vercel.app/,44,2,0,0,0,1
https://waterdamagehomeinsuranceclaims.com/payment.html,55,2,1,0,0,1
http://github.ddxm.pp.ua/,25,3,0,0,0,1
http://www.wpuoj.cn/,20,2,0,0,0,1
http://www.uitalk.com.cn/,25,3,0,0,0,1
http://www.unionan.cn/,22,2,0,0,0,1
http://staemcomunmutty.com/ed425abcbd53486603768017e49d54cd/c3RlYW1jb211bm5pdHkuY28=/aHR0cDovL3N0YWVtY29tdW5tdXR0eS5jb20vZ2lmdC9hY3RpdmF0aW9uPURvcjVGaG5tOXcv,157,1,0,0,0,1
https://securepage.cloud/8b2e797f6x9d014841n89cb9137j39c932fd.html,66,2,1,0,1,1
